metric,n,dim,k,nlist,nprobe,refine,recall,lb95,p50_us,p90_us,p95_us,p99_us,qps,build_det,build_ms,eval_ms
Cosine,4000,32,10,256,64,200,0.910000,0.896659,154,176,182,301,6220.84,true,650,119
Cosine,4000,32,10,256,64,300,0.910000,0.896659,193,216,236,342,4992.89,true,640,135
Cosine,4000,32,10,256,64,400,0.910000,0.896659,235,261,271,401,4172.58,true,645,153
Cosine,4000,32,10,256,96,200,0.963000,0.953800,186,214,223,301,5225.07,true,657,134
Cosine,4000,32,10,256,96,300,0.963000,0.953800,238,258,268,339,4144.99,true,652,156
Cosine,4000,32,10,256,96,400,0.963000,0.953800,270,292,306,425,3664.41,true,659,169
Cosine,4000,32,10,256,128,200,0.986500,0.980429,218,247,291,440,4396.96,true,659,149
Cosine,4000,32,10,256,128,300,0.986500,0.980429,261,295,320,395,3735.73,true,650,166
Cosine,4000,32,10,256,128,400,0.986500,0.980429,301,330,342,431,3263.02,true,642,183
